NAME;SURNAME;BIRTH
Villy;Worm;02.02.2002
Benny;Bennacy;03.03.2003
Ti;Pidor;04.04.2004
Suckmy;Pussy;05.05.2005
Jojo;Drinkins;06.06.2006
Kilo;Gvozdey;07.07.2007
Pokko;Poop;08.08.2008
Zad;Zadnica;09.09.2009
Vasya;Pupkin;10.10.2010
Villy;Worm;02.02.2002
Benny;Bennacy;03.03.2003
Ti;Pidor;04.04.2004
Suckmy;Pussy;05.05.2005
Jojo;Drinkins;06.06.2006
Kilo;Gvozdey;07.07.2007
Pokko;Poop;08.08.2008
Zad;Zadnica;09.09.2009
Vasya;Pupkin;10.10.2010
Villy;Worm;02.02.2002
Benny;Bennacy;03.03.2003
Ti;Pidor;04.04.2004
Suckmy;Pussy;05.05.2005
Jojo;Drinkins;06.06.2006
Kilo;Gvozdey;07.07.2007
Pokko;Poop;08.08.2008
Zad;Zadnica;09.09.2009
Vasya;Pupkin;10.10.2010
Villy;Worm;02.02.2002
Benny;Bennacy;03.03.2003
Ti;Pidor;04.04.2004
Suckmy;Pussy;05.05.2005
Jojo;Drinkins;06.06.2006
Kilo;Gvozdey;07.07.2007
Pokko;Poop;08.08.2008
Zad;Zadnica;09.09.2009
Vasya;Pupkin;10.10.2010
Villy;Worm;02.02.2002
Benny;Bennacy;03.03.2003
Ti;Pidor;04.04.2004
Suckmy;Pussy;05.05.2005
Jojo;Drinkins;06.06.2006
Kilo;Gvozdey;07.07.2007
Pokko;Poop;08.08.2008
Zad;Zadnica;09.09.2009
Vasya;Pupkin;10.10.2010
Villy;Worm;02.02.2002
Benny;Bennacy;03.03.2003
Ti;Pidor;04.04.2004
Suckmy;Pussy;05.05.2005
Jojo;Drinkins;06.06.2006
Kilo;Gvozdey;07.07.2007
Pokko;Poop;08.08.2008
Zad;Zadnica;09.09.2009
Vasya;Pupkin;10.10.2010
Villy;Worm;02.02.2002
Benny;Bennacy;03.03.2003
Ti;Pidor;04.04.2004
Suckmy;Pussy;05.05.2005
Jojo;Drinkins;06.06.2006
Kilo;Gvozdey;07.07.2007
Pokko;Poop;08.08.2008
Zad;Zadnica;09.09.2009
Vasya;Pupkin;10.10.2010
Villy;Worm;02.02.2002
Benny;Bennacy;03.03.2003
Ti;Pidor;04.04.2004
Suckmy;Pussy;05.05.2005
Jojo;Drinkins;06.06.2006
Kilo;Gvozdey;07.07.2007
Pokko;Poop;08.08.2008
Zad;Zadnica;09.09.2009
Vasya;Pupkin;10.10.2010
Villy;Worm;02.02.2002
Benny;Bennacy;03.03.2003
Ti;Pidor;04.04.2004
Suckmy;Pussy;05.05.2005
Jojo;Drinkins;06.06.2006
Kilo;Gvozdey;07.07.2007
Pokko;Poop;08.08.2008
Zad;Zadnica;09.09.2009
Vasya;Pupkin;10.10.2010
Villy;Worm;02.02.2002
Benny;Bennacy;03.03.2003
Ti;Pidor;04.04.2004
Suckmy;Pussy;05.05.2005
Jojo;Drinkins;06.06.2006
Kilo;Gvozdey;07.07.2007
Pokko;Poop;08.08.2008
Zad;Zadnica;09.09.2009
Vasya;Pupkin;10.10.2010
Villy;Worm;02.02.2002
Benny;Bennacy;03.03.2003
Ti;Pidor;04.04.2004
Suckmy;Pussy;05.05.2005
Jojo;Drinkins;06.06.2006
Kilo;Gvozdey;07.07.2007
Pokko;Poop;08.08.2008
Zad;Zadnica;09.09.2009
Vasya;Pupkin;10.10.2010
Villy;Worm;02.02.2002
Benny;Bennacy;03.03.2003
Ti;Pidor;04.04.2004
Suckmy;Pussy;05.05.2005
Jojo;Drinkins;06.06.2006
Kilo;Gvozdey;07.07.2007
Pokko;Poop;08.08.2008
Zad;Zadnica;09.09.2009
Vasya;Pupkin;10.10.2010
Villy;Worm;02.02.2002
Benny;Bennacy;03.03.2003
Ti;Pidor;04.04.2004
Suckmy;Pussy;05.05.2005
Jojo;Drinkins;06.06.2006
Kilo;Gvozdey;07.07.2007
Pokko;Poop;08.08.2008
Zad;Zadnica;09.09.2009
Vasya;Pupkin;10.10.2010
Villy;Worm;02.02.2002
Benny;Bennacy;03.03.2003
Ti;Pidor;04.04.2004
Suckmy;Pussy;05.05.2005
Jojo;Drinkins;06.06.2006
Kilo;Gvozdey;07.07.2007
Pokko;Poop;08.08.2008
Zad;Zadnica;09.09.2009
Vasya;Pupkin;10.10.2010
Villy;Worm;02.02.2002
Benny;Bennacy;03.03.2003
Ti;Pidor;04.04.2004
Suckmy;Pussy;05.05.2005
Jojo;Drinkins;06.06.2006
Kilo;Gvozdey;07.07.2007
Pokko;Poop;08.08.2008
Zad;Zadnica;09.09.2009
Vasya;Pupkin;10.10.2010
Villy;Worm;02.02.2002
Benny;Bennacy;03.03.2003
Ti;Pidor;04.04.2004
Suckmy;Pussy;05.05.2005
Jojo;Drinkins;06.06.2006
Kilo;Gvozdey;07.07.2007
Pokko;Poop;08.08.2008
Zad;Zadnica;09.09.2009
Vasya;Pupkin;10.10.2010
Villy;Worm;02.02.2002
Benny;Bennacy;03.03.2003
Ti;Pidor;04.04.2004
Suckmy;Pussy;05.05.2005
Jojo;Drinkins;06.06.2006
Kilo;Gvozdey;07.07.2007
Pokko;Poop;08.08.2008
Zad;Zadnica;09.09.2009
Vasya;Pupkin;10.10.2010
Villy;Worm;02.02.2002
Benny;Bennacy;03.03.2003
Ti;Pidor;04.04.2004
Suckmy;Pussy;05.05.2005
Jojo;Drinkins;06.06.2006
Kilo;Gvozdey;07.07.2007
Pokko;Poop;08.08.2008
Zad;Zadnica;09.09.2009
Vasya;Pupkin;10.10.2010
Villy;Worm;02.02.2002
Benny;Bennacy;03.03.2003
Ti;Pidor;04.04.2004
Suckmy;Pussy;05.05.2005
Jojo;Drinkins;06.06.2006
Kilo;Gvozdey;07.07.2007
Pokko;Poop;08.08.2008
Zad;Zadnica;09.09.2009
Vasya;Pupkin;10.10.2010
Villy;Worm;02.02.2002
Benny;Bennacy;03.03.2003
Ti;Pidor;04.04.2004
Suckmy;Pussy;05.05.2005
Jojo;Drinkins;06.06.2006
Kilo;Gvozdey;07.07.2007
Pokko;Poop;08.08.2008
Zad;Zadnica;09.09.2009
Vasya;Pupkin;10.10.2010
Villy;Worm;02.02.2002
Benny;Bennacy;03.03.2003
Ti;Pidor;04.04.2004
Suckmy;Pussy;05.05.2005
Jojo;Drinkins;06.06.2006
Kilo;Gvozdey;07.07.2007
Pokko;Poop;08.08.2008
Zad;Zadnica;09.09.2009
Vasya;Pupkin;10.10.2010
Villy;Worm;02.02.2002
Benny;Bennacy;03.03.2003
Ti;Pidor;04.04.2004
Suckmy;Pussy;05.05.2005
Jojo;Drinkins;06.06.2006
Kilo;Gvozdey;07.07.2007
Pokko;Poop;08.08.2008
Zad;Zadnica;09.09.2009
Vasya;Pupkin;10.10.2010
Villy;Worm;02.02.2002
Benny;Bennacy;03.03.2003
Ti;Pidor;04.04.2004
Suckmy;Pussy;05.05.2005
Jojo;Drinkins;06.06.2006
Kilo;Gvozdey;07.07.2007
Pokko;Poop;08.08.2008
Zad;Zadnica;09.09.2009
Vasya;Pupkin;10.10.2010
Villy;Worm;02.02.2002
Benny;Bennacy;03.03.2003
Ti;Pidor;04.04.2004
Suckmy;Pussy;05.05.2005
Jojo;Drinkins;06.06.2006
Kilo;Gvozdey;07.07.2007
Pokko;Poop;08.08.2008
Zad;Zadnica;09.09.2009
Vasya;Pupkin;10.10.2010
Villy;Worm;02.02.2002
Benny;Bennacy;03.03.2003
Ti;Pidor;04.04.2004
Suckmy;Pussy;05.05.2005
Jojo;Drinkins;06.06.2006
Kilo;Gvozdey;07.07.2007
Pokko;Poop;08.08.2008
Zad;Zadnica;09.09.2009
Vasya;Pupkin;10.10.2010
Villy;Worm;02.02.2002
Benny;Bennacy;03.03.2003
Ti;Pidor;04.04.2004
Suckmy;Pussy;05.05.2005
Jojo;Drinkins;06.06.2006
Kilo;Gvozdey;07.07.2007
Pokko;Poop;08.08.2008
Zad;Zadnica;09.09.2009
Vasya;Pupkin;10.10.2010
Villy;Worm;02.02.2002
Benny;Bennacy;03.03.2003
Ti;Pidor;04.04.2004
Suckmy;Pussy;05.05.2005
Jojo;Drinkins;06.06.2006
Kilo;Gvozdey;07.07.2007
Pokko;Poop;08.08.2008
Zad;Zadnica;09.09.2009
Vasya;Pupkin;10.10.2010
Villy;Worm;02.02.2002
Benny;Bennacy;03.03.2003
Ti;Pidor;04.04.2004
Suckmy;Pussy;05.05.2005
Jojo;Drinkins;06.06.2006
Kilo;Gvozdey;07.07.2007
Pokko;Poop;08.08.2008
Zad;Zadnica;09.09.2009
Vasya;Pupkin;10.10.2010
Villy;Worm;02.02.2002
Benny;Bennacy;03.03.2003
Ti;Pidor;04.04.2004
Suckmy;Pussy;05.05.2005
Jojo;Drinkins;06.06.2006
Kilo;Gvozdey;07.07.2007
Pokko;Poop;08.08.2008
Zad;Zadnica;09.09.2009
Vasya;Pupkin;10.10.2010
Villy;Worm;02.02.2002
Benny;Bennacy;03.03.2003
Ti;Pidor;04.04.2004
Suckmy;Pussy;05.05.2005
Jojo;Drinkins;06.06.2006
Kilo;Gvozdey;07.07.2007
Pokko;Poop;08.08.2008
Zad;Zadnica;09.09.2009
Vasya;Pupkin;10.10.2010
Villy;Worm;02.02.2002
Benny;Bennacy;03.03.2003
Ti;Pidor;04.04.2004
Suckmy;Pussy;05.05.2005
Jojo;Drinkins;06.06.2006
Kilo;Gvozdey;07.07.2007
Pokko;Poop;08.08.2008
Zad;Zadnica;09.09.2009
Vasya;Pupkin;10.10.2010
Villy;Worm;02.02.2002
Benny;Bennacy;03.03.2003
Ti;Pidor;04.04.2004
Suckmy;Pussy;05.05.2005
Jojo;Drinkins;06.06.2006
Kilo;Gvozdey;07.07.2007
Pokko;Poop;08.08.2008
Zad;Zadnica;09.09.2009
Vasya;Pupkin;10.10.2010
Villy;Worm;02.02.2002
Benny;Bennacy;03.03.2003
Ti;Pidor;04.04.2004
Suckmy;Pussy;05.05.2005
Jojo;Drinkins;06.06.2006
Kilo;Gvozdey;07.07.2007
Pokko;Poop;08.08.2008
Zad;Zadnica;09.09.2009
Vasya;Pupkin;10.10.2010
Villy;Worm;02.02.2002
Benny;Bennacy;03.03.2003
