name	surname	birth
Duty 	Banks	16.04.2012
Pussy	Poll	04.01.1997
Zad	Assman	06.10.1985
Darry	Buddles	08.08.2008
Pupen	Duiy	04.04.2004
Hurman	Balls	03.03.2003
Ovcehui	Zangvebarsky	12.12.1972
Drolly	Blom	01.01.2001
Bankins	Popper	09.05.1963
Villy 	Worm	19.11.2003
Duty 	Banks	16.04.2012
Pussy	Poll	04.01.1997
Zad	Assman	06.10.1985
Darry	Buddles	08.08.2008
Pupen	Duiy	04.04.2004
Hurman	Balls	03.03.2003
Ovcehui	Zangvebarsky	12.12.1972
Drolly	Blom	01.01.2001
Bankins	Popper	09.05.1963
Villy 	Worm	19.11.2003
Duty 	Banks	16.04.2012
Pussy	Poll	04.01.1997
Zad	Assman	06.10.1985
Darry	Buddles	08.08.2008
Pupen	Duiy	04.04.2004
Hurman	Balls	03.03.2003
Ovcehui	Zangvebarsky	12.12.1972
Drolly	Blom	01.01.2001
Bankins	Popper	09.05.1963
Villy 	Worm	19.11.2003
Duty 	Banks	16.04.2012
Pussy	Poll	04.01.1997
Zad	Assman	06.10.1985
Darry	Buddles	08.08.2008
Pupen	Duiy	04.04.2004
Hurman	Balls	03.03.2003
Ovcehui	Zangvebarsky	12.12.1972
Drolly	Blom	01.01.2001
Bankins	Popper	09.05.1963
Villy 	Worm	19.11.2003
Duty 	Banks	16.04.2012
Pussy	Poll	04.01.1997
Zad	Assman	06.10.1985
Darry	Buddles	08.08.2008
Pupen	Duiy	04.04.2004
Hurman	Balls	03.03.2003
Ovcehui	Zangvebarsky	12.12.1972
Drolly	Blom	01.01.2001
Bankins	Popper	09.05.1963
Villy 	Worm	19.11.2003
Duty 	Banks	16.04.2012
Pussy	Poll	04.01.1997
Zad	Assman	06.10.1985
Darry	Buddles	08.08.2008
Pupen	Duiy	04.04.2004
Hurman	Balls	03.03.2003
Ovcehui	Zangvebarsky	12.12.1972
Drolly	Blom	01.01.2001
Bankins	Popper	09.05.1963
Villy 	Worm	19.11.2003
Duty 	Banks	16.04.2012
Pussy	Poll	04.01.1997
Zad	Assman	06.10.1985
Darry	Buddles	08.08.2008
Pupen	Duiy	04.04.2004
Hurman	Balls	03.03.2003
Ovcehui	Zangvebarsky	12.12.1972
Drolly	Blom	01.01.2001
Bankins	Popper	09.05.1963
Villy 	Worm	19.11.2003
Duty 	Banks	16.04.2012
Pussy	Poll	04.01.1997
Zad	Assman	06.10.1985
Darry	Buddles	08.08.2008
Pupen	Duiy	04.04.2004
Hurman	Balls	03.03.2003
Ovcehui	Zangvebarsky	12.12.1972
Drolly	Blom	01.01.2001
Bankins	Popper	09.05.1963
Villy 	Worm	19.11.2003
Duty 	Banks	16.04.2012
Pussy	Poll	04.01.1997
Zad	Assman	06.10.1985
Darry	Buddles	08.08.2008
Pupen	Duiy	04.04.2004
Hurman	Balls	03.03.2003
Ovcehui	Zangvebarsky	12.12.1972
Drolly	Blom	01.01.2001
Bankins	Popper	09.05.1963
Villy 	Worm	19.11.2003
Duty 	Banks	16.04.2012
Pussy	Poll	04.01.1997
Zad	Assman	06.10.1985
Darry	Buddles	08.08.2008
Pupen	Duiy	04.04.2004
Hurman	Balls	03.03.2003
Ovcehui	Zangvebarsky	12.12.1972
Drolly	Blom	01.01.2001
Bankins	Popper	09.05.1963
Villy 	Worm	19.11.2003
Duty 	Banks	16.04.2012
Pussy	Poll	04.01.1997
Zad	Assman	06.10.1985
Darry	Buddles	08.08.2008
Pupen	Duiy	04.04.2004
Hurman	Balls	03.03.2003
Ovcehui	Zangvebarsky	12.12.1972
Drolly	Blom	01.01.2001
Bankins	Popper	09.05.1963
Villy 	Worm	19.11.2003
Duty 	Banks	16.04.2012
Pussy	Poll	04.01.1997
Zad	Assman	06.10.1985
Darry	Buddles	08.08.2008
Pupen	Duiy	04.04.2004
Hurman	Balls	03.03.2003
Ovcehui	Zangvebarsky	12.12.1972
Drolly	Blom	01.01.2001
Bankins	Popper	09.05.1963
Villy 	Worm	19.11.2003
Duty 	Banks	16.04.2012
Pussy	Poll	04.01.1997
Zad	Assman	06.10.1985
Darry	Buddles	08.08.2008
Pupen	Duiy	04.04.2004
Hurman	Balls	03.03.2003
Ovcehui	Zangvebarsky	12.12.1972
Drolly	Blom	01.01.2001
Bankins	Popper	09.05.1963
Villy 	Worm	19.11.2003
Duty 	Banks	16.04.2012
Pussy	Poll	04.01.1997
Zad	Assman	06.10.1985
Darry	Buddles	08.08.2008
Pupen	Duiy	04.04.2004
Hurman	Balls	03.03.2003
Ovcehui	Zangvebarsky	12.12.1972
Drolly	Blom	01.01.2001
Bankins	Popper	09.05.1963
Villy 	Worm	19.11.2003
Duty 	Banks	16.04.2012
Pussy	Poll	04.01.1997
Zad	Assman	06.10.1985
Darry	Buddles	08.08.2008
Pupen	Duiy	04.04.2004
Hurman	Balls	03.03.2003
Ovcehui	Zangvebarsky	12.12.1972
Drolly	Blom	01.01.2001
Bankins	Popper	09.05.1963
Villy 	Worm	19.11.2003
Duty 	Banks	16.04.2012
Pussy	Poll	04.01.1997
Zad	Assman	06.10.1985
Darry	Buddles	08.08.2008
Pupen	Duiy	04.04.2004
Hurman	Balls	03.03.2003
Ovcehui	Zangvebarsky	12.12.1972
Drolly	Blom	01.01.2001
Bankins	Popper	09.05.1963
Villy 	Worm	19.11.2003
Duty 	Banks	16.04.2012
Pussy	Poll	04.01.1997
Zad	Assman	06.10.1985
Darry	Buddles	08.08.2008
Pupen	Duiy	04.04.2004
Hurman	Balls	03.03.2003
Ovcehui	Zangvebarsky	12.12.1972
Drolly	Blom	01.01.2001
Bankins	Popper	09.05.1963
Villy 	Worm	19.11.2003
Duty 	Banks	16.04.2012
Pussy	Poll	04.01.1997
Zad	Assman	06.10.1985
Darry	Buddles	08.08.2008
Pupen	Duiy	04.04.2004
Hurman	Balls	03.03.2003
Ovcehui	Zangvebarsky	12.12.1972
Drolly	Blom	01.01.2001
Bankins	Popper	09.05.1963
Villy 	Worm	19.11.2003
Duty 	Banks	16.04.2012
Pussy	Poll	04.01.1997
Zad	Assman	06.10.1985
Darry	Buddles	08.08.2008
Pupen	Duiy	04.04.2004
Hurman	Balls	03.03.2003
Ovcehui	Zangvebarsky	12.12.1972
Drolly	Blom	01.01.2001
Bankins	Popper	09.05.1963
Villy 	Worm	19.11.2003
Duty 	Banks	16.04.2012
Pussy	Poll	04.01.1997
Zad	Assman	06.10.1985
Darry	Buddles	08.08.2008
Pupen	Duiy	04.04.2004
Hurman	Balls	03.03.2003
Ovcehui	Zangvebarsky	12.12.1972
Drolly	Blom	01.01.2001
Bankins	Popper	09.05.1963
Villy 	Worm	19.11.2003
Duty 	Banks	16.04.2012
Pussy	Poll	04.01.1997
Zad	Assman	06.10.1985
Darry	Buddles	08.08.2008
Pupen	Duiy	04.04.2004
Hurman	Balls	03.03.2003
Ovcehui	Zangvebarsky	12.12.1972
Drolly	Blom	01.01.2001
Bankins	Popper	09.05.1963
Villy 	Worm	19.11.2003
Duty 	Banks	16.04.2012
Pussy	Poll	04.01.1997
Zad	Assman	06.10.1985
Darry	Buddles	08.08.2008
Pupen	Duiy	04.04.2004
Hurman	Balls	03.03.2003
Ovcehui	Zangvebarsky	12.12.1972
Drolly	Blom	01.01.2001
Bankins	Popper	09.05.1963
Villy 	Worm	19.11.2003
Duty 	Banks	16.04.2012
Pussy	Poll	04.01.1997
Zad	Assman	06.10.1985
Darry	Buddles	08.08.2008
Pupen	Duiy	04.04.2004
Hurman	Balls	03.03.2003
Ovcehui	Zangvebarsky	12.12.1972
Drolly	Blom	01.01.2001
Bankins	Popper	09.05.1963
Villy 	Worm	19.11.2003
Duty 	Banks	16.04.2012
Pussy	Poll	04.01.1997
Zad	Assman	06.10.1985
Darry	Buddles	08.08.2008
Pupen	Duiy	04.04.2004
Hurman	Balls	03.03.2003
Ovcehui	Zangvebarsky	12.12.1972
Drolly	Blom	01.01.2001
Bankins	Popper	09.05.1963
Villy 	Worm	19.11.2003
Duty 	Banks	16.04.2012
Pussy	Poll	04.01.1997
Zad	Assman	06.10.1985
Darry	Buddles	08.08.2008
Pupen	Duiy	04.04.2004
Hurman	Balls	03.03.2003
Ovcehui	Zangvebarsky	12.12.1972
Drolly	Blom	01.01.2001
Bankins	Popper	09.05.1963
Villy 	Worm	19.11.2003
Duty 	Banks	16.04.2012
Pussy	Poll	04.01.1997
Zad	Assman	06.10.1985
Darry	Buddles	08.08.2008
Pupen	Duiy	04.04.2004
Hurman	Balls	03.03.2003
Ovcehui	Zangvebarsky	12.12.1972
Drolly	Blom	01.01.2001
Bankins	Popper	09.05.1963
Villy 	Worm	19.11.2003
Duty 	Banks	16.04.2012
Pussy	Poll	04.01.1997
Zad	Assman	06.10.1985
Darry	Buddles	08.08.2008
Pupen	Duiy	04.04.2004
Hurman	Balls	03.03.2003
Ovcehui	Zangvebarsky	12.12.1972
Drolly	Blom	01.01.2001
Bankins	Popper	09.05.1963
Villy 	Worm	19.11.2003
Duty 	Banks	16.04.2012
Pussy	Poll	04.01.1997
Zad	Assman	06.10.1985
Darry	Buddles	08.08.2008
Pupen	Duiy	04.04.2004
Hurman	Balls	03.03.2003
Ovcehui	Zangvebarsky	12.12.1972
Drolly	Blom	01.01.2001
Bankins	Popper	09.05.1963
Villy 	Worm	19.11.2003
Duty 	Banks	16.04.2012
Pussy	Poll	04.01.1997
Zad	Assman	06.10.1985
Darry	Buddles	08.08.2008
Pupen	Duiy	04.04.2004
Hurman	Balls	03.03.2003
Ovcehui	Zangvebarsky	12.12.1972
Drolly	Blom	01.01.2001
Bankins	Popper	09.05.1963
Villy 	Worm	19.11.2003
Duty 	Banks	16.04.2012
Pussy	Poll	04.01.1997
Zad	Assman	06.10.1985
Darry	Buddles	08.08.2008
Pupen	Duiy	04.04.2004
Hurman	Balls	03.03.2003
Ovcehui	Zangvebarsky	12.12.1972
Drolly	Blom	01.01.2001
Bankins	Popper	09.05.1963
